{"score":0,"explore rate":0.606151595428677,"_wandb":{"runtime":5968},"average reward":0.1018981018981019,"_timestamp":1.7340024070182278e+09,"_runtime":5967.937542308,"_step":1000}