{"_step":1000,"_wandb":{"runtime":8809},"score":0,"explore rate":0.606151595428677,"average reward":0.12287712287712288,"_timestamp":1.7339703226877098e+09,"_runtime":8808.364825834}